snr,db,,,mae,std
0.1,-10,0.218901172,0.237639233,20.54431826,0.01324981
0.5,-3.010299957,0.145205989,0.14505668,13.06182012,0.000105578
1,0,,,11.35623,0.0013255
10,10,,,10.58643,0.0012434
100,20,,,10.239423,0.00133234
1000,30,,,9.432455,0.0025234
10000,40,0.105376631,0.098380692,9.16907955,0.004946876
100000,50,0.100133367,0.098019853,8.916894905,0.00149448
1000000,60,0.09885098,0.102440633,9.058122598,0.002538268
